sample	condition	gene	mean
sup_obs_sim	1	1	71
sup_obs_sim	1	2	20
sup_obs_sim	1	3	73
sup_obs_sim	1	4	11
sup_obs_sim	1	5	13
sup_obs_sim	1	6	2637
sup_obs_sim	1	7	16
sup_obs_sim	1	8	28
sup_obs_sim	1	9	15160
sup_obs_sim	1	10	5101
sup_obs_sim	1	11	2541
sup_obs_sim	1	12	11
sup_obs_sim	1	13	214
sup_obs_sim	1	14	5
sup_obs_sim	1	15	2685
sup_obs_sim	1	16	9
sup_obs_sim	1	17	504
sup_obs_sim	1	18	46
sup_obs_sim	1	19	383
sup_obs_sim	1	20	67
sup_obs_sim	1	21	185
sup_obs_sim	1	22	189
sup_obs_sim	1	23	20
sup_obs_sim	1	24	50
sup_obs_sim	1	25	30
sup_obs_sim	1	26	71
sup_obs_sim	1	27	383
sup_obs_sim	1	28	6
sup_obs_sim	1	29	2
sup_obs_sim	1	30	43
sup_obs_sim	1	31	5770
sup_obs_sim	1	32	3
sup_obs_sim	1	33	19
sup_obs_sim	1	34	8
sup_obs_sim	1	35	8
sup_obs_sim	1	36	844
sup_obs_sim	1	37	154
sup_obs_sim	1	38	421
sup_obs_sim	1	39	154.5
sup_obs_sim	1	40	479
sup_obs_sim	1	41	229
sup_obs_sim	1	42	662.5
sup_obs_sim	1	43	601
sup_obs_sim	1	44	340
sup_obs_sim	1	45	1320
sup_obs_sim	1	46	80
sup_obs_sim	1	47	463
sup_obs_sim	1	48	6832
sup_obs_sim	1	49	1261
sup_obs_sim	1	50	2744.5
sup_obs_sim	1	51	657.5
sup_obs_sim	1	52	104
sup_obs_sim	1	53	39
sup_obs_sim	1	54	995
sup_obs_sim	1	55	289
sup_obs_sim	1	56	2998
sup_obs_sim	1	57	289
sup_obs_sim	1	58	1
sup_obs_sim	1	59	4408
sup_obs_sim	1	60	3173
sup_obs_sim	1	61	50
sup_obs_sim	1	62	191
sup_obs_sim	1	63	401
sup_obs_sim	1	64	956
sup_obs_sim	1	65	9
sup_obs_sim	1	66	96
sup_obs_sim	1	67	13
sup_obs_sim	1	68	92
sup_obs_sim	1	69	32
sup_obs_sim	1	70	17
sup_obs_sim	1	71	6
sup_obs_sim	1	72	101
sup_obs_sim	1	73	272
sup_obs_sim	1	74	1
sup_obs_sim	1	75	7086.5
sup_obs_sim	1	76	11
sup_obs_sim	1	77	719
sup_obs_sim	1	78	9
sup_obs_sim	1	79	143
sup_obs_sim	1	80	1089
sup_obs_sim	1	81	119
sup_obs_sim	1	82	7
sup_obs_sim	1	83	18
sup_obs_sim	1	84	7
sup_obs_sim	1	85	1164
sup_obs_sim	1	86	726
sup_obs_sim	1	87	43
sup_obs_sim	1	88	793
sup_obs_sim	1	89	1390
sup_obs_sim	1	90	2103
sup_obs_sim	1	91	12
sup_obs_sim	1	92	695
sup_obs_sim	1	93	33
sup_obs_sim	1	94	10267.5
sup_obs_sim	1	95	1618
sup_obs_sim	1	96	4005.5
sup_obs_sim	1	97	38
sup_obs_sim	1	98	18771.5
sup_obs_sim	1	99	1300
sup_obs_sim	1	100	114
sup_obs_sim	1	101	66
sup_obs_sim	1	102	78
sup_obs_sim	1	103	8
sup_obs_sim	1	104	288
sup_obs_sim	1	105	8
sup_obs_sim	1	106	15
sup_obs_sim	1	107	346
sup_obs_sim	1	108	9
sup_obs_sim	1	109	1
sup_obs_sim	1	110	4058
sup_obs_sim	1	111	143
sup_obs_sim	1	112	291
sup_obs_sim	1	113	2224
sup_obs_sim	1	114	60
sup_obs_sim	1	115	30
sup_obs_sim	1	116	25
sup_obs_sim	1	117	150
sup_obs_sim	1	118	49
sup_obs_sim	1	119	7408.5
sup_obs_sim	1	120	1196
sup_obs_sim	1	121	8
sup_obs_sim	1	122	57
sup_obs_sim	1	123	65
sup_obs_sim	1	124	5243
sup_obs_sim	1	125	1778.5
sup_obs_sim	1	126	28
sup_obs_sim	1	127	26
sup_obs_sim	1	128	653
sup_obs_sim	1	129	60
sup_obs_sim	1	130	5
sup_obs_sim	1	131	8
sup_obs_sim	1	132	9311.5
sup_obs_sim	1	133	1884.5
sup_obs_sim	1	134	871
sup_obs_sim	1	135	73
sup_obs_sim	1	136	4
sup_obs_sim	1	137	80
sup_obs_sim	1	138	2325
sup_obs_sim	1	139	361
sup_obs_sim	1	140	308
sup_obs_sim	1	141	8
sup_obs_sim	1	142	179
sup_obs_sim	1	143	230
sup_obs_sim	1	144	5285
sup_obs_sim	1	145	320.5
sup_obs_sim	1	146	273
sup_obs_sim	1	147	1969
sup_obs_sim	1	148	406
sup_obs_sim	1	149	3200
sup_obs_sim	1	150	168
sup_obs_sim	1	151	2
sup_obs_sim	1	152	99
sup_obs_sim	1	153	361
sup_obs_sim	1	154	66
sup_obs_sim	1	155	3426.5
sup_obs_sim	1	156	196
sup_obs_sim	1	157	47
sup_obs_sim	1	158	75
sup_obs_sim	1	159	11
sup_obs_sim	1	160	1127.5
sup_obs_sim	1	161	18945.5
sup_obs_sim	1	162	20
sup_obs_sim	1	163	2339.5
sup_obs_sim	1	164	2316
sup_obs_sim	1	165	237
sup_obs_sim	1	166	367
sup_obs_sim	1	167	9
sup_obs_sim	1	168	388
sup_obs_sim	1	169	3004
sup_obs_sim	1	170	2
sup_obs_sim	1	171	64
sup_obs_sim	1	172	408
sup_obs_sim	1	173	70
sup_obs_sim	1	174	106
sup_obs_sim	1	175	6
sup_obs_sim	1	176	49
sup_obs_sim	1	177	337
sup_obs_sim	1	178	1
sup_obs_sim	1	179	14
sup_obs_sim	1	180	429
sup_obs_sim	1	181	50
sup_obs_sim	1	182	3261.5
sup_obs_sim	1	183	81
sup_obs_sim	1	184	768
sup_obs_sim	1	185	3956
sup_obs_sim	1	186	13
sup_obs_sim	1	187	32
sup_obs_sim	1	188	272
sup_obs_sim	1	189	70
sup_obs_sim	1	190	3
sup_obs_sim	1	191	17
sup_obs_sim	1	192	891
sup_obs_sim	1	193	9
sup_obs_sim	1	194	2
sup_obs_sim	1	195	58
sup_obs_sim	1	196	122
sup_obs_sim	1	197	450
sup_obs_sim	1	198	2205
sup_obs_sim	1	199	288
sup_obs_sim	1	200	337
sup_obs_sim	1	201	2
sup_obs_sim	1	202	9
sup_obs_sim	1	203	19461
sup_obs_sim	1	204	3722
sup_obs_sim	1	205	1232
sup_obs_sim	1	206	493
sup_obs_sim	1	207	145
sup_obs_sim	1	208	256
sup_obs_sim	1	209	11009
sup_obs_sim	1	210	37
sup_obs_sim	1	211	578
sup_obs_sim	1	212	383.5
sup_obs_sim	1	213	152
sup_obs_sim	1	214	19
sup_obs_sim	1	215	322
sup_obs_sim	1	216	12
sup_obs_sim	1	217	57
sup_obs_sim	1	218	647
sup_obs_sim	1	219	1693.5
sup_obs_sim	1	220	13
sup_obs_sim	1	221	371
sup_obs_sim	1	222	544
sup_obs_sim	1	223	786
sup_obs_sim	1	224	1696
sup_obs_sim	1	225	153
sup_obs_sim	1	226	581
sup_obs_sim	1	227	1
sup_obs_sim	1	228	405
sup_obs_sim	1	229	368
sup_obs_sim	1	230	51
sup_obs_sim	1	231	266
sup_obs_sim	1	232	58
sup_obs_sim	1	233	545
sup_obs_sim	1	234	873
sup_obs_sim	1	235	1168
sup_obs_sim	1	236	582
sup_obs_sim	1	237	257
sup_obs_sim	1	238	16039.5
sup_obs_sim	1	239	244
sup_obs_sim	1	240	52
sup_obs_sim	1	241	39
sup_obs_sim	1	242	185
sup_obs_sim	1	243	348
sup_obs_sim	1	244	166
sup_obs_sim	1	245	17
sup_obs_sim	1	246	6755.5
sup_obs_sim	1	247	736
sup_obs_sim	1	248	149
sup_obs_sim	1	249	741
sup_obs_sim	1	250	33
sup_obs_sim	1	251	1046
sup_obs_sim	1	252	3695
sup_obs_sim	1	253	960
sup_obs_sim	1	254	1790
sup_obs_sim	1	255	6
sup_obs_sim	1	256	12
sup_obs_sim	1	257	63
sup_obs_sim	1	258	1942
sup_obs_sim	1	259	349
sup_obs_sim	1	260	1259.5
sup_obs_sim	1	261	393
sup_obs_sim	1	262	86
sup_obs_sim	1	263	91
sup_obs_sim	1	264	139
sup_obs_sim	1	265	25
sup_obs_sim	1	266	136
sup_obs_sim	1	267	213
sup_obs_sim	1	268	17
sup_obs_sim	1	269	1504
sup_obs_sim	1	270	166
sup_obs_sim	1	271	921
sup_obs_sim	1	272	111
sup_obs_sim	1	273	962
sup_obs_sim	1	274	9
sup_obs_sim	1	275	676.5
sup_obs_sim	1	276	5
sup_obs_sim	1	277	88
sup_obs_sim	1	278	5
sup_obs_sim	1	279	379
sup_obs_sim	1	280	4
sup_obs_sim	1	281	363
sup_obs_sim	1	282	446.5
sup_obs_sim	1	283	26
sup_obs_sim	1	284	3495
sup_obs_sim	1	285	1127
sup_obs_sim	1	286	44
sup_obs_sim	1	287	1092
sup_obs_sim	1	288	40
sup_obs_sim	1	289	5720
sup_obs_sim	1	290	15
sup_obs_sim	1	291	203
sup_obs_sim	1	292	21
sup_obs_sim	1	293	184
sup_obs_sim	1	294	695
sup_obs_sim	1	295	36
sup_obs_sim	1	296	741
sup_obs_sim	1	297	32999
sup_obs_sim	1	298	110
sup_obs_sim	1	299	484.5
sup_obs_sim	1	300	3
sup_obs_sim	2	1	150
sup_obs_sim	2	2	160
sup_obs_sim	2	3	327
sup_obs_sim	2	4	57
sup_obs_sim	2	5	40
sup_obs_sim	2	6	8690
sup_obs_sim	2	7	59
sup_obs_sim	2	8	167
sup_obs_sim	2	9	38693.5
sup_obs_sim	2	10	14421.5
sup_obs_sim	2	11	5098
sup_obs_sim	2	12	29
sup_obs_sim	2	13	594
sup_obs_sim	2	14	28
sup_obs_sim	2	15	12118
sup_obs_sim	2	16	42
sup_obs_sim	2	17	2197
sup_obs_sim	2	18	63
sup_obs_sim	2	19	1389.5
sup_obs_sim	2	20	128
sup_obs_sim	2	21	2036
sup_obs_sim	2	22	381
sup_obs_sim	2	23	44
sup_obs_sim	2	24	161
sup_obs_sim	2	25	58
sup_obs_sim	2	26	183
sup_obs_sim	2	27	2276
sup_obs_sim	2	28	21
sup_obs_sim	2	29	9
sup_obs_sim	2	30	210
sup_obs_sim	2	31	9097.5
sup_obs_sim	2	32	4
sup_obs_sim	2	33	172
sup_obs_sim	2	34	48
sup_obs_sim	2	35	147
sup_obs_sim	2	36	5753
sup_obs_sim	2	37	2966
sup_obs_sim	2	38	4365
sup_obs_sim	2	39	1116
sup_obs_sim	2	40	2752
sup_obs_sim	2	41	550
sup_obs_sim	2	42	3674
sup_obs_sim	2	43	3719
sup_obs_sim	2	44	810
sup_obs_sim	2	45	2527
sup_obs_sim	2	46	197
sup_obs_sim	2	47	927
sup_obs_sim	2	48	18114.5
sup_obs_sim	2	49	3806.5
sup_obs_sim	2	50	10593.5
sup_obs_sim	2	51	3889
sup_obs_sim	2	52	224
sup_obs_sim	2	53	133
sup_obs_sim	2	54	2921
sup_obs_sim	2	55	1059
sup_obs_sim	2	56	5672
sup_obs_sim	2	57	1331
sup_obs_sim	2	58	4
sup_obs_sim	2	59	14502.5
sup_obs_sim	2	60	22006.5
sup_obs_sim	2	61	70
sup_obs_sim	2	62	624
sup_obs_sim	2	63	1677
sup_obs_sim	2	64	2354
sup_obs_sim	2	65	77
sup_obs_sim	2	66	161
sup_obs_sim	2	67	84
sup_obs_sim	2	68	107
sup_obs_sim	2	69	85
sup_obs_sim	2	70	30
sup_obs_sim	2	71	65
sup_obs_sim	2	72	663
sup_obs_sim	2	73	1215
sup_obs_sim	2	74	44
sup_obs_sim	2	75	42863
sup_obs_sim	2	76	78
sup_obs_sim	2	77	1983
sup_obs_sim	2	78	41
sup_obs_sim	2	79	454
sup_obs_sim	2	80	1822
sup_obs_sim	2	81	273
sup_obs_sim	2	82	89
sup_obs_sim	2	83	114
sup_obs_sim	2	84	18
sup_obs_sim	2	85	2570
sup_obs_sim	2	86	1855
sup_obs_sim	2	87	122
sup_obs_sim	2	88	510
sup_obs_sim	2	89	1586
sup_obs_sim	2	90	4058
sup_obs_sim	2	91	101
sup_obs_sim	2	92	2439
sup_obs_sim	2	93	102
sup_obs_sim	2	94	26864.5
sup_obs_sim	2	95	4219
sup_obs_sim	2	96	12597
sup_obs_sim	2	97	157
sup_obs_sim	2	98	506653
sup_obs_sim	2	99	2853
sup_obs_sim	2	100	342
sup_obs_sim	2	101	109
sup_obs_sim	2	102	195
sup_obs_sim	2	103	30
sup_obs_sim	2	104	1433
sup_obs_sim	2	105	10
sup_obs_sim	2	106	28
sup_obs_sim	2	107	2442
sup_obs_sim	2	108	138
sup_obs_sim	2	109	5
sup_obs_sim	2	110	10912.5
sup_obs_sim	2	111	516
sup_obs_sim	2	112	900
sup_obs_sim	2	113	8152.5
sup_obs_sim	2	114	286
sup_obs_sim	2	115	94
sup_obs_sim	2	116	62
sup_obs_sim	2	117	452
sup_obs_sim	2	118	124
sup_obs_sim	2	119	15276.5
sup_obs_sim	2	120	3595
sup_obs_sim	2	121	42
sup_obs_sim	2	122	214
sup_obs_sim	2	123	326.5
sup_obs_sim	2	124	59590.5
sup_obs_sim	2	125	4579.5
sup_obs_sim	2	126	127
sup_obs_sim	2	127	89
sup_obs_sim	2	128	3960
sup_obs_sim	2	129	363
sup_obs_sim	2	130	12
sup_obs_sim	2	131	103
sup_obs_sim	2	132	10624
sup_obs_sim	2	133	5930.5
sup_obs_sim	2	134	2811
sup_obs_sim	2	135	257
sup_obs_sim	2	136	14
sup_obs_sim	2	137	703
sup_obs_sim	2	138	6617.5
sup_obs_sim	2	139	861
sup_obs_sim	2	140	986
sup_obs_sim	2	141	30
sup_obs_sim	2	142	1043
sup_obs_sim	2	143	1419
sup_obs_sim	2	144	13862.5
sup_obs_sim	2	145	1469
sup_obs_sim	2	146	1564
sup_obs_sim	2	147	5102.5
sup_obs_sim	2	148	1795
sup_obs_sim	2	149	10887.5
sup_obs_sim	2	150	668
sup_obs_sim	2	151	11
sup_obs_sim	2	152	186
sup_obs_sim	2	153	1122.5
sup_obs_sim	2	154	219
sup_obs_sim	2	155	35505
sup_obs_sim	2	156	375
sup_obs_sim	2	157	135
sup_obs_sim	2	158	129
sup_obs_sim	2	159	27
sup_obs_sim	2	160	3680.5
sup_obs_sim	2	161	112751
sup_obs_sim	2	162	255
sup_obs_sim	2	163	4594.5
sup_obs_sim	2	164	18304
sup_obs_sim	2	165	394
sup_obs_sim	2	166	3226
sup_obs_sim	2	167	21
sup_obs_sim	2	168	3622.5
sup_obs_sim	2	169	3087
sup_obs_sim	2	170	5
sup_obs_sim	2	171	226
sup_obs_sim	2	172	846
sup_obs_sim	2	173	169
sup_obs_sim	2	174	318
sup_obs_sim	2	175	46
sup_obs_sim	2	176	327
sup_obs_sim	2	177	1188
sup_obs_sim	2	178	5
sup_obs_sim	2	179	85
sup_obs_sim	2	180	628
sup_obs_sim	2	181	393.5
sup_obs_sim	2	182	38354.5
sup_obs_sim	2	183	406
sup_obs_sim	2	184	1853.5
sup_obs_sim	2	185	7097.5
sup_obs_sim	2	186	45
sup_obs_sim	2	187	156
sup_obs_sim	2	188	302
sup_obs_sim	2	189	171
sup_obs_sim	2	190	64
sup_obs_sim	2	191	34
sup_obs_sim	2	192	927
sup_obs_sim	2	193	30
sup_obs_sim	2	194	9
sup_obs_sim	2	195	324
sup_obs_sim	2	196	450
sup_obs_sim	2	197	921
sup_obs_sim	2	198	9289.5
sup_obs_sim	2	199	538
sup_obs_sim	2	200	1950
sup_obs_sim	2	201	12
sup_obs_sim	2	202	86
sup_obs_sim	2	203	50572.5
sup_obs_sim	2	204	7703
sup_obs_sim	2	205	2824.5
sup_obs_sim	2	206	2824
sup_obs_sim	2	207	387
sup_obs_sim	2	208	621
sup_obs_sim	2	209	28344
sup_obs_sim	2	210	133
sup_obs_sim	2	211	2837.5
sup_obs_sim	2	212	1771
sup_obs_sim	2	213	520
sup_obs_sim	2	214	71
sup_obs_sim	2	215	2997
sup_obs_sim	2	216	111
sup_obs_sim	2	217	374
sup_obs_sim	2	218	1961
sup_obs_sim	2	219	4628
sup_obs_sim	2	220	101
sup_obs_sim	2	221	1689
sup_obs_sim	2	222	15772
sup_obs_sim	2	223	4587
sup_obs_sim	2	224	4634
sup_obs_sim	2	225	1069
sup_obs_sim	2	226	388
sup_obs_sim	2	227	14
sup_obs_sim	2	228	1594
sup_obs_sim	2	229	2337
sup_obs_sim	2	230	132
sup_obs_sim	2	231	692
sup_obs_sim	2	232	270
sup_obs_sim	2	233	1502
sup_obs_sim	2	234	2713
sup_obs_sim	2	235	1604
sup_obs_sim	2	236	3312
sup_obs_sim	2	237	723
sup_obs_sim	2	238	108598
sup_obs_sim	2	239	645
sup_obs_sim	2	240	134
sup_obs_sim	2	241	56
sup_obs_sim	2	242	828
sup_obs_sim	2	243	305
sup_obs_sim	2	244	2878
sup_obs_sim	2	245	75
sup_obs_sim	2	246	39005.5
sup_obs_sim	2	247	6396.5
sup_obs_sim	2	248	753
sup_obs_sim	2	249	2625
sup_obs_sim	2	250	115
sup_obs_sim	2	251	1930
sup_obs_sim	2	252	3774
sup_obs_sim	2	253	9348
sup_obs_sim	2	254	13839.5
sup_obs_sim	2	255	9
sup_obs_sim	2	256	48
sup_obs_sim	2	257	113
sup_obs_sim	2	258	3346
sup_obs_sim	2	259	594
sup_obs_sim	2	260	2308.5
sup_obs_sim	2	261	1052
sup_obs_sim	2	262	229
sup_obs_sim	2	263	327
sup_obs_sim	2	264	827
sup_obs_sim	2	265	390
sup_obs_sim	2	266	358
sup_obs_sim	2	267	493
sup_obs_sim	2	268	36
sup_obs_sim	2	269	10846
sup_obs_sim	2	270	429
sup_obs_sim	2	271	3857
sup_obs_sim	2	272	231
sup_obs_sim	2	273	1677
sup_obs_sim	2	274	40
sup_obs_sim	2	275	1760
sup_obs_sim	2	276	29
sup_obs_sim	2	277	520
sup_obs_sim	2	278	6
sup_obs_sim	2	279	860
sup_obs_sim	2	280	20
sup_obs_sim	2	281	588
sup_obs_sim	2	282	836
sup_obs_sim	2	283	256
sup_obs_sim	2	284	4932
sup_obs_sim	2	285	3483.5
sup_obs_sim	2	286	330
sup_obs_sim	2	287	2847
sup_obs_sim	2	288	86
sup_obs_sim	2	289	71866
sup_obs_sim	2	290	58
sup_obs_sim	2	291	413
sup_obs_sim	2	292	31
sup_obs_sim	2	293	694
sup_obs_sim	2	294	3446
sup_obs_sim	2	295	67
sup_obs_sim	2	296	5194.5
sup_obs_sim	2	297	84373.5
sup_obs_sim	2	298	147
sup_obs_sim	2	299	1397
sup_obs_sim	2	300	19
sup_obs_sim	3	1	227
sup_obs_sim	3	2	172
sup_obs_sim	3	3	326
sup_obs_sim	3	4	39
sup_obs_sim	3	5	45
sup_obs_sim	3	6	5363
sup_obs_sim	3	7	117
sup_obs_sim	3	8	155
sup_obs_sim	3	9	13311.5
sup_obs_sim	3	10	10369.5
sup_obs_sim	3	11	7888
sup_obs_sim	3	12	50
sup_obs_sim	3	13	488
sup_obs_sim	3	14	19
sup_obs_sim	3	15	11656.5
sup_obs_sim	3	16	36
sup_obs_sim	3	17	2021
sup_obs_sim	3	18	133
sup_obs_sim	3	19	1250.5
sup_obs_sim	3	20	165
sup_obs_sim	3	21	1807
sup_obs_sim	3	22	347
sup_obs_sim	3	23	38
sup_obs_sim	3	24	145.5
sup_obs_sim	3	25	110
sup_obs_sim	3	26	132
sup_obs_sim	3	27	1494
sup_obs_sim	3	28	27
sup_obs_sim	3	29	9
sup_obs_sim	3	30	228
sup_obs_sim	3	31	12461
sup_obs_sim	3	32	6
sup_obs_sim	3	33	162
sup_obs_sim	3	34	49
sup_obs_sim	3	35	138
sup_obs_sim	3	36	6003.5
sup_obs_sim	3	37	1617
sup_obs_sim	3	38	4280
sup_obs_sim	3	39	1049
sup_obs_sim	3	40	1663.5
sup_obs_sim	3	41	449
sup_obs_sim	3	42	2465
sup_obs_sim	3	43	3223
sup_obs_sim	3	44	791
sup_obs_sim	3	45	3824.5
sup_obs_sim	3	46	213
sup_obs_sim	3	47	743
sup_obs_sim	3	48	4565
sup_obs_sim	3	49	2603
sup_obs_sim	3	50	9857.5
sup_obs_sim	3	51	3495
sup_obs_sim	3	52	163
sup_obs_sim	3	53	153
sup_obs_sim	3	54	1441
sup_obs_sim	3	55	785
sup_obs_sim	3	56	8525.5
sup_obs_sim	3	57	1006
sup_obs_sim	3	58	4
sup_obs_sim	3	59	7141
sup_obs_sim	3	60	16788
sup_obs_sim	3	61	105
sup_obs_sim	3	62	371
sup_obs_sim	3	63	803
sup_obs_sim	3	64	2149
sup_obs_sim	3	65	59
sup_obs_sim	3	66	175
sup_obs_sim	3	67	41
sup_obs_sim	3	68	144
sup_obs_sim	3	69	63
sup_obs_sim	3	70	30
sup_obs_sim	3	71	68
sup_obs_sim	3	72	314
sup_obs_sim	3	73	1010
sup_obs_sim	3	74	17
sup_obs_sim	3	75	40458.5
sup_obs_sim	3	76	72
sup_obs_sim	3	77	1812
sup_obs_sim	3	78	17
sup_obs_sim	3	79	392
sup_obs_sim	3	80	2237
sup_obs_sim	3	81	289
sup_obs_sim	3	82	78
sup_obs_sim	3	83	75
sup_obs_sim	3	84	14
sup_obs_sim	3	85	2580
sup_obs_sim	3	86	1647
sup_obs_sim	3	87	126
sup_obs_sim	3	88	1638
sup_obs_sim	3	89	2255
sup_obs_sim	3	90	5304.5
sup_obs_sim	3	91	82
sup_obs_sim	3	92	1728
sup_obs_sim	3	93	82
sup_obs_sim	3	94	14388
sup_obs_sim	3	95	2500.5
sup_obs_sim	3	96	23732
sup_obs_sim	3	97	155
sup_obs_sim	3	98	199777.5
sup_obs_sim	3	99	3031
sup_obs_sim	3	100	338
sup_obs_sim	3	101	112
sup_obs_sim	3	102	161
sup_obs_sim	3	103	48
sup_obs_sim	3	104	1343
sup_obs_sim	3	105	25
sup_obs_sim	3	106	21
sup_obs_sim	3	107	2401
sup_obs_sim	3	108	171
sup_obs_sim	3	109	8
sup_obs_sim	3	110	10746.5
sup_obs_sim	3	111	503
sup_obs_sim	3	112	171
sup_obs_sim	3	113	6787
sup_obs_sim	3	114	251
sup_obs_sim	3	115	111
sup_obs_sim	3	116	112
sup_obs_sim	3	117	594
sup_obs_sim	3	118	186
sup_obs_sim	3	119	16224
sup_obs_sim	3	120	2451.5
sup_obs_sim	3	121	20
sup_obs_sim	3	122	190
sup_obs_sim	3	123	355
sup_obs_sim	3	124	34952
sup_obs_sim	3	125	2898
sup_obs_sim	3	126	97
sup_obs_sim	3	127	70
sup_obs_sim	3	128	4331
sup_obs_sim	3	129	266
sup_obs_sim	3	130	14
sup_obs_sim	3	131	19
sup_obs_sim	3	132	11298
sup_obs_sim	3	133	3940
sup_obs_sim	3	134	2630
sup_obs_sim	3	135	196
sup_obs_sim	3	136	22
sup_obs_sim	3	137	591
sup_obs_sim	3	138	4057
sup_obs_sim	3	139	955
sup_obs_sim	3	140	868
sup_obs_sim	3	141	13
sup_obs_sim	3	142	1195
sup_obs_sim	3	143	1443
sup_obs_sim	3	144	20217
sup_obs_sim	3	145	1322
sup_obs_sim	3	146	1471
sup_obs_sim	3	147	4706
sup_obs_sim	3	148	2570
sup_obs_sim	3	149	8877
sup_obs_sim	3	150	607
sup_obs_sim	3	151	19
sup_obs_sim	3	152	109
sup_obs_sim	3	153	993
sup_obs_sim	3	154	146
sup_obs_sim	3	155	26809.5
sup_obs_sim	3	156	292
sup_obs_sim	3	157	286
sup_obs_sim	3	158	299
sup_obs_sim	3	159	24
sup_obs_sim	3	160	3031
sup_obs_sim	3	161	74484.5
sup_obs_sim	3	162	103
sup_obs_sim	3	163	5259
sup_obs_sim	3	164	15868.5
sup_obs_sim	3	165	543
sup_obs_sim	3	166	1921
sup_obs_sim	3	167	18
sup_obs_sim	3	168	3011
sup_obs_sim	3	169	8185.5
sup_obs_sim	3	170	4
sup_obs_sim	3	171	152
sup_obs_sim	3	172	1226
sup_obs_sim	3	173	197
sup_obs_sim	3	174	178
sup_obs_sim	3	175	42
sup_obs_sim	3	176	335
sup_obs_sim	3	177	940
sup_obs_sim	3	178	5
sup_obs_sim	3	179	74
sup_obs_sim	3	180	951
sup_obs_sim	3	181	432
sup_obs_sim	3	182	36166.5
sup_obs_sim	3	183	357
sup_obs_sim	3	184	1279
sup_obs_sim	3	185	22216
sup_obs_sim	3	186	31
sup_obs_sim	3	187	85
sup_obs_sim	3	188	499
sup_obs_sim	3	189	174
sup_obs_sim	3	190	36
sup_obs_sim	3	191	49
sup_obs_sim	3	192	2397
sup_obs_sim	3	193	57
sup_obs_sim	3	194	9
sup_obs_sim	3	195	246
sup_obs_sim	3	196	582
sup_obs_sim	3	197	963
sup_obs_sim	3	198	8795.5
sup_obs_sim	3	199	574
sup_obs_sim	3	200	1651
sup_obs_sim	3	201	15
sup_obs_sim	3	202	61
sup_obs_sim	3	203	46370
sup_obs_sim	3	204	1894
sup_obs_sim	3	205	2091
sup_obs_sim	3	206	2012
sup_obs_sim	3	207	145
sup_obs_sim	3	208	1172
sup_obs_sim	3	209	16185
sup_obs_sim	3	210	138
sup_obs_sim	3	211	1580.5
sup_obs_sim	3	212	1290
sup_obs_sim	3	213	649
sup_obs_sim	3	214	29
sup_obs_sim	3	215	2764
sup_obs_sim	3	216	96
sup_obs_sim	3	217	262
sup_obs_sim	3	218	2242
sup_obs_sim	3	219	5307
sup_obs_sim	3	220	136
sup_obs_sim	3	221	1368
sup_obs_sim	3	222	25605
sup_obs_sim	3	223	2746
sup_obs_sim	3	224	4349
sup_obs_sim	3	225	938
sup_obs_sim	3	226	582
sup_obs_sim	3	227	16
sup_obs_sim	3	228	1587
sup_obs_sim	3	229	1895
sup_obs_sim	3	230	97
sup_obs_sim	3	231	684
sup_obs_sim	3	232	251
sup_obs_sim	3	233	1076
sup_obs_sim	3	234	2003
sup_obs_sim	3	235	2430
sup_obs_sim	3	236	2046
sup_obs_sim	3	237	598
sup_obs_sim	3	238	139324
sup_obs_sim	3	239	265
sup_obs_sim	3	240	122
sup_obs_sim	3	241	64
sup_obs_sim	3	242	562
sup_obs_sim	3	243	431
sup_obs_sim	3	244	896
sup_obs_sim	3	245	80
sup_obs_sim	3	246	13647.5
sup_obs_sim	3	247	7279.5
sup_obs_sim	3	248	569
sup_obs_sim	3	249	1489
sup_obs_sim	3	250	51
sup_obs_sim	3	251	2880
sup_obs_sim	3	252	4964
sup_obs_sim	3	253	8158
sup_obs_sim	3	254	17568.5
sup_obs_sim	3	255	12
sup_obs_sim	3	256	32
sup_obs_sim	3	257	161
sup_obs_sim	3	258	2726
sup_obs_sim	3	259	675
sup_obs_sim	3	260	2872
sup_obs_sim	3	261	956
sup_obs_sim	3	262	274
sup_obs_sim	3	263	262
sup_obs_sim	3	264	773
sup_obs_sim	3	265	405
sup_obs_sim	3	266	312
sup_obs_sim	3	267	697
sup_obs_sim	3	268	49
sup_obs_sim	3	269	9308
sup_obs_sim	3	270	523
sup_obs_sim	3	271	3039
sup_obs_sim	3	272	315
sup_obs_sim	3	273	2446
sup_obs_sim	3	274	18
sup_obs_sim	3	275	3501
sup_obs_sim	3	276	17
sup_obs_sim	3	277	797
sup_obs_sim	3	278	8
sup_obs_sim	3	279	822
sup_obs_sim	3	280	13
sup_obs_sim	3	281	1075.5
sup_obs_sim	3	282	766
sup_obs_sim	3	283	500
sup_obs_sim	3	284	6360
sup_obs_sim	3	285	4295
sup_obs_sim	3	286	144
sup_obs_sim	3	287	2475
sup_obs_sim	3	288	51
sup_obs_sim	3	289	64086.5
sup_obs_sim	3	290	52
sup_obs_sim	3	291	376
sup_obs_sim	3	292	56
sup_obs_sim	3	293	443
sup_obs_sim	3	294	1535.5
sup_obs_sim	3	295	94
sup_obs_sim	3	296	4207
sup_obs_sim	3	297	56244.5
sup_obs_sim	3	298	203
sup_obs_sim	3	299	1159
sup_obs_sim	3	300	16
pel_obs_sim	1	1	152
pel_obs_sim	1	2	162
pel_obs_sim	1	3	220
pel_obs_sim	1	4	42
pel_obs_sim	1	5	16
pel_obs_sim	1	6	2703
pel_obs_sim	1	7	103
pel_obs_sim	1	8	91
pel_obs_sim	1	9	9512
pel_obs_sim	1	10	3271
pel_obs_sim	1	11	4262
pel_obs_sim	1	12	26
pel_obs_sim	1	13	181
pel_obs_sim	1	14	20
pel_obs_sim	1	15	9576
pel_obs_sim	1	16	28
pel_obs_sim	1	17	992
pel_obs_sim	1	18	44
pel_obs_sim	1	19	589
pel_obs_sim	1	20	135
pel_obs_sim	1	21	2632
pel_obs_sim	1	22	230
pel_obs_sim	1	23	9
pel_obs_sim	1	24	114
pel_obs_sim	1	25	72.5
pel_obs_sim	1	26	27
pel_obs_sim	1	27	1021
pel_obs_sim	1	28	23
pel_obs_sim	1	29	7
pel_obs_sim	1	30	160
pel_obs_sim	1	31	501
pel_obs_sim	1	32	2
pel_obs_sim	1	33	231
pel_obs_sim	1	34	42
pel_obs_sim	1	35	127
pel_obs_sim	1	36	5493.5
pel_obs_sim	1	37	2212
pel_obs_sim	1	38	4226
pel_obs_sim	1	39	698
pel_obs_sim	1	40	1349
pel_obs_sim	1	41	113
pel_obs_sim	1	42	1705
pel_obs_sim	1	43	2591
pel_obs_sim	1	44	251
pel_obs_sim	1	45	2201
pel_obs_sim	1	46	59
pel_obs_sim	1	47	310
pel_obs_sim	1	48	2350
pel_obs_sim	1	49	1050.5
pel_obs_sim	1	50	4118
pel_obs_sim	1	51	3603
pel_obs_sim	1	52	39
pel_obs_sim	1	53	135
pel_obs_sim	1	54	692.5
pel_obs_sim	1	55	418
pel_obs_sim	1	56	1762
pel_obs_sim	1	57	586
pel_obs_sim	1	58	2
pel_obs_sim	1	59	4316
pel_obs_sim	1	60	12136.5
pel_obs_sim	1	61	23
pel_obs_sim	1	62	231
pel_obs_sim	1	63	714
pel_obs_sim	1	64	600
pel_obs_sim	1	65	61
pel_obs_sim	1	66	46
pel_obs_sim	1	67	31
pel_obs_sim	1	68	36
pel_obs_sim	1	69	13
pel_obs_sim	1	70	16
pel_obs_sim	1	71	57
pel_obs_sim	1	72	305
pel_obs_sim	1	73	701
pel_obs_sim	1	74	24
pel_obs_sim	1	75	51972.5
pel_obs_sim	1	76	54
pel_obs_sim	1	77	1956
pel_obs_sim	1	78	15
pel_obs_sim	1	79	151
pel_obs_sim	1	80	168
pel_obs_sim	1	81	217
pel_obs_sim	1	82	86
pel_obs_sim	1	83	66
pel_obs_sim	1	84	14
pel_obs_sim	1	85	752
pel_obs_sim	1	86	557
pel_obs_sim	1	87	58
pel_obs_sim	1	88	312
pel_obs_sim	1	89	692
pel_obs_sim	1	90	1391
pel_obs_sim	1	91	73
pel_obs_sim	1	92	759
pel_obs_sim	1	93	42
pel_obs_sim	1	94	3570
pel_obs_sim	1	95	1006
pel_obs_sim	1	96	16089
pel_obs_sim	1	97	73
pel_obs_sim	1	98	623978.5
pel_obs_sim	1	99	1427.5
pel_obs_sim	1	100	176
pel_obs_sim	1	101	50
pel_obs_sim	1	102	70
pel_obs_sim	1	103	30
pel_obs_sim	1	104	802
pel_obs_sim	1	105	8
pel_obs_sim	1	106	14
pel_obs_sim	1	107	2155.5
pel_obs_sim	1	108	151
pel_obs_sim	1	109	6
pel_obs_sim	1	110	5242
pel_obs_sim	1	111	211
pel_obs_sim	1	112	232
pel_obs_sim	1	113	3963
pel_obs_sim	1	114	206
pel_obs_sim	1	115	47
pel_obs_sim	1	116	76
pel_obs_sim	1	117	416.5
pel_obs_sim	1	118	81
pel_obs_sim	1	119	2814.5
pel_obs_sim	1	120	782
pel_obs_sim	1	121	27
pel_obs_sim	1	122	91
pel_obs_sim	1	123	255
pel_obs_sim	1	124	48608.5
pel_obs_sim	1	125	537
pel_obs_sim	1	126	53
pel_obs_sim	1	127	38
pel_obs_sim	1	128	3265
pel_obs_sim	1	129	206
pel_obs_sim	1	130	5
pel_obs_sim	1	131	85
pel_obs_sim	1	132	1531
pel_obs_sim	1	133	2249
pel_obs_sim	1	134	1132
pel_obs_sim	1	135	115
pel_obs_sim	1	136	12
pel_obs_sim	1	137	464
pel_obs_sim	1	138	1568.5
pel_obs_sim	1	139	461
pel_obs_sim	1	140	513
pel_obs_sim	1	141	11
pel_obs_sim	1	142	1354
pel_obs_sim	1	143	1475.5
pel_obs_sim	1	144	11160
pel_obs_sim	1	145	2985
pel_obs_sim	1	146	900
pel_obs_sim	1	147	767
pel_obs_sim	1	148	1992
pel_obs_sim	1	149	8301
pel_obs_sim	1	150	367
pel_obs_sim	1	151	9
pel_obs_sim	1	152	133
pel_obs_sim	1	153	463
pel_obs_sim	1	154	81
pel_obs_sim	1	155	22945.5
pel_obs_sim	1	156	24
pel_obs_sim	1	157	202
pel_obs_sim	1	158	162
pel_obs_sim	1	159	13
pel_obs_sim	1	160	1103
pel_obs_sim	1	161	83058.5
pel_obs_sim	1	162	188
pel_obs_sim	1	163	1268
pel_obs_sim	1	164	14121
pel_obs_sim	1	165	126
pel_obs_sim	1	166	2317
pel_obs_sim	1	167	16
pel_obs_sim	1	168	2467
pel_obs_sim	1	169	2735.5
pel_obs_sim	1	170	2
pel_obs_sim	1	171	155
pel_obs_sim	1	172	341
pel_obs_sim	1	173	87
pel_obs_sim	1	174	101
pel_obs_sim	1	175	31
pel_obs_sim	1	176	295
pel_obs_sim	1	177	326
pel_obs_sim	1	178	4
pel_obs_sim	1	179	37
pel_obs_sim	1	180	318
pel_obs_sim	1	181	387
pel_obs_sim	1	182	28632.5
pel_obs_sim	1	183	302
pel_obs_sim	1	184	392
pel_obs_sim	1	185	11910
pel_obs_sim	1	186	29
pel_obs_sim	1	187	63
pel_obs_sim	1	188	147
pel_obs_sim	1	189	32
pel_obs_sim	1	190	57
pel_obs_sim	1	191	25
pel_obs_sim	1	192	1098
pel_obs_sim	1	193	32
pel_obs_sim	1	194	4
pel_obs_sim	1	195	160
pel_obs_sim	1	196	365
pel_obs_sim	1	197	138
pel_obs_sim	1	198	4362
pel_obs_sim	1	199	99
pel_obs_sim	1	200	1505
pel_obs_sim	1	201	6
pel_obs_sim	1	202	52
pel_obs_sim	1	203	13947.5
pel_obs_sim	1	204	3212
pel_obs_sim	1	205	806
pel_obs_sim	1	206	1572
pel_obs_sim	1	207	99
pel_obs_sim	1	208	733
pel_obs_sim	1	209	7153.5
pel_obs_sim	1	210	154
pel_obs_sim	1	211	1915
pel_obs_sim	1	212	860
pel_obs_sim	1	213	371
pel_obs_sim	1	214	21
pel_obs_sim	1	215	1819
pel_obs_sim	1	216	96
pel_obs_sim	1	217	214
pel_obs_sim	1	218	1095
pel_obs_sim	1	219	2658
pel_obs_sim	1	220	118
pel_obs_sim	1	221	1020
pel_obs_sim	1	222	27102.5
pel_obs_sim	1	223	2562
pel_obs_sim	1	224	1401
pel_obs_sim	1	225	721
pel_obs_sim	1	226	114
pel_obs_sim	1	227	18
pel_obs_sim	1	228	926
pel_obs_sim	1	229	1417
pel_obs_sim	1	230	14
pel_obs_sim	1	231	226.5
pel_obs_sim	1	232	102
pel_obs_sim	1	233	504.5
pel_obs_sim	1	234	940
pel_obs_sim	1	235	839
pel_obs_sim	1	236	1634
pel_obs_sim	1	237	144
pel_obs_sim	1	238	115955.5
pel_obs_sim	1	239	96
pel_obs_sim	1	240	23
pel_obs_sim	1	241	11
pel_obs_sim	1	242	308
pel_obs_sim	1	243	102
pel_obs_sim	1	244	2238
pel_obs_sim	1	245	68
pel_obs_sim	1	246	31288
pel_obs_sim	1	247	6344
pel_obs_sim	1	248	429
pel_obs_sim	1	249	656
pel_obs_sim	1	250	46
pel_obs_sim	1	251	886
pel_obs_sim	1	252	486
pel_obs_sim	1	253	7030
pel_obs_sim	1	254	14798.5
pel_obs_sim	1	255	4
pel_obs_sim	1	256	15
pel_obs_sim	1	257	33
pel_obs_sim	1	258	392.5
pel_obs_sim	1	259	132
pel_obs_sim	1	260	893
pel_obs_sim	1	261	314
pel_obs_sim	1	262	136
pel_obs_sim	1	263	103
pel_obs_sim	1	264	485
pel_obs_sim	1	265	414
pel_obs_sim	1	266	152
pel_obs_sim	1	267	244
pel_obs_sim	1	268	13
pel_obs_sim	1	269	8122.5
pel_obs_sim	1	270	285
pel_obs_sim	1	271	2005
pel_obs_sim	1	272	79
pel_obs_sim	1	273	627
pel_obs_sim	1	274	20
pel_obs_sim	1	275	2443
pel_obs_sim	1	276	15
pel_obs_sim	1	277	792
pel_obs_sim	1	278	1
pel_obs_sim	1	279	272
pel_obs_sim	1	280	12
pel_obs_sim	1	281	349
pel_obs_sim	1	282	145
pel_obs_sim	1	283	512
pel_obs_sim	1	284	852
pel_obs_sim	1	285	2294
pel_obs_sim	1	286	161
pel_obs_sim	1	287	927
pel_obs_sim	1	288	9
pel_obs_sim	1	289	58848
pel_obs_sim	1	290	37
pel_obs_sim	1	291	68
pel_obs_sim	1	292	36
pel_obs_sim	1	293	265
pel_obs_sim	1	294	1324
pel_obs_sim	1	295	27
pel_obs_sim	1	296	2898
pel_obs_sim	1	297	33899.5
pel_obs_sim	1	298	22
pel_obs_sim	1	299	468
pel_obs_sim	1	300	7
pel_obs_sim	2	1	178
pel_obs_sim	2	2	69
pel_obs_sim	2	3	93
pel_obs_sim	2	4	30
pel_obs_sim	2	5	14
pel_obs_sim	2	6	1469
pel_obs_sim	2	7	84
pel_obs_sim	2	8	28
pel_obs_sim	2	9	8089.5
pel_obs_sim	2	10	3607.5
pel_obs_sim	2	11	5532.5
pel_obs_sim	2	12	27
pel_obs_sim	2	13	113
pel_obs_sim	2	14	15
pel_obs_sim	2	15	5456.5
pel_obs_sim	2	16	19
pel_obs_sim	2	17	424
pel_obs_sim	2	18	90
pel_obs_sim	2	19	190
pel_obs_sim	2	20	173
pel_obs_sim	2	21	1124
pel_obs_sim	2	22	340
pel_obs_sim	2	23	10
pel_obs_sim	2	24	109
pel_obs_sim	2	25	72
pel_obs_sim	2	26	25
pel_obs_sim	2	27	295
pel_obs_sim	2	28	13
pel_obs_sim	2	29	3
pel_obs_sim	2	30	70
pel_obs_sim	2	31	6394
pel_obs_sim	2	32	4
pel_obs_sim	2	33	156
pel_obs_sim	2	34	25
pel_obs_sim	2	35	73
pel_obs_sim	2	36	3036
pel_obs_sim	2	37	462
pel_obs_sim	2	38	1938
pel_obs_sim	2	39	118
pel_obs_sim	2	40	341
pel_obs_sim	2	41	155
pel_obs_sim	2	42	571
pel_obs_sim	2	43	868
pel_obs_sim	2	44	382
pel_obs_sim	2	45	3221
pel_obs_sim	2	46	49
pel_obs_sim	2	47	558
pel_obs_sim	2	48	1850.5
pel_obs_sim	2	49	742
pel_obs_sim	2	50	1890
pel_obs_sim	2	51	2184
pel_obs_sim	2	52	58
pel_obs_sim	2	53	121
pel_obs_sim	2	54	438
pel_obs_sim	2	55	231
pel_obs_sim	2	56	4076
pel_obs_sim	2	57	119
pel_obs_sim	2	58	2
pel_obs_sim	2	59	2634.5
pel_obs_sim	2	60	2519
pel_obs_sim	2	61	92
pel_obs_sim	2	62	111
pel_obs_sim	2	63	411
pel_obs_sim	2	64	563
pel_obs_sim	2	65	13
pel_obs_sim	2	66	104
pel_obs_sim	2	67	6
pel_obs_sim	2	68	128
pel_obs_sim	2	69	21
pel_obs_sim	2	70	24
pel_obs_sim	2	71	20
pel_obs_sim	2	72	102
pel_obs_sim	2	73	285
pel_obs_sim	2	74	2
pel_obs_sim	2	75	37578.5
pel_obs_sim	2	76	21
pel_obs_sim	2	77	1995
pel_obs_sim	2	78	4
pel_obs_sim	2	79	90
pel_obs_sim	2	80	1240
pel_obs_sim	2	81	202
pel_obs_sim	2	82	29
pel_obs_sim	2	83	36
pel_obs_sim	2	84	12
pel_obs_sim	2	85	917
pel_obs_sim	2	86	510
pel_obs_sim	2	87	36
pel_obs_sim	2	88	1695
pel_obs_sim	2	89	1940
pel_obs_sim	2	90	2672
pel_obs_sim	2	91	24
pel_obs_sim	2	92	404
pel_obs_sim	2	93	47
pel_obs_sim	2	94	1947.5
pel_obs_sim	2	95	895
pel_obs_sim	2	96	15872
pel_obs_sim	2	97	52
pel_obs_sim	2	98	294904.5
pel_obs_sim	2	99	2017
pel_obs_sim	2	100	39
pel_obs_sim	2	101	76
pel_obs_sim	2	102	51
pel_obs_sim	2	103	22
pel_obs_sim	2	104	380
pel_obs_sim	2	105	24
pel_obs_sim	2	106	17
pel_obs_sim	2	107	1185
pel_obs_sim	2	108	76
pel_obs_sim	2	109	6
pel_obs_sim	2	110	4610.5
pel_obs_sim	2	111	108.5
pel_obs_sim	2	112	99
pel_obs_sim	2	113	2333
pel_obs_sim	2	114	91
pel_obs_sim	2	115	52
pel_obs_sim	2	116	101
pel_obs_sim	2	117	398
pel_obs_sim	2	118	84
pel_obs_sim	2	119	7927
pel_obs_sim	2	120	424
pel_obs_sim	2	121	15
pel_obs_sim	2	122	37
pel_obs_sim	2	123	125
pel_obs_sim	2	124	15018
pel_obs_sim	2	125	169
pel_obs_sim	2	126	31
pel_obs_sim	2	127	12
pel_obs_sim	2	128	1542
pel_obs_sim	2	129	65
pel_obs_sim	2	130	6
pel_obs_sim	2	131	22
pel_obs_sim	2	132	12454
pel_obs_sim	2	133	1370
pel_obs_sim	2	134	734
pel_obs_sim	2	135	42
pel_obs_sim	2	136	9
pel_obs_sim	2	137	116
pel_obs_sim	2	138	1375
pel_obs_sim	2	139	510
pel_obs_sim	2	140	457
pel_obs_sim	2	141	7
pel_obs_sim	2	142	859
pel_obs_sim	2	143	792
pel_obs_sim	2	144	11478
pel_obs_sim	2	145	2991.5
pel_obs_sim	2	146	325
pel_obs_sim	2	147	924
pel_obs_sim	2	148	1369
pel_obs_sim	2	149	7280
pel_obs_sim	2	150	111
pel_obs_sim	2	151	12
pel_obs_sim	2	152	258
pel_obs_sim	2	153	166
pel_obs_sim	2	154	41
pel_obs_sim	2	155	5619.5
pel_obs_sim	2	156	108
pel_obs_sim	2	157	185
pel_obs_sim	2	158	231
pel_obs_sim	2	159	9
pel_obs_sim	2	160	741.5
pel_obs_sim	2	161	49604.5
pel_obs_sim	2	162	53
pel_obs_sim	2	163	2052
pel_obs_sim	2	164	5948
pel_obs_sim	2	165	302
pel_obs_sim	2	166	600
pel_obs_sim	2	167	23
pel_obs_sim	2	168	364
pel_obs_sim	2	169	6865
pel_obs_sim	2	170	3
pel_obs_sim	2	171	112
pel_obs_sim	2	172	605
pel_obs_sim	2	173	103
pel_obs_sim	2	174	34
pel_obs_sim	2	175	16
pel_obs_sim	2	176	129
pel_obs_sim	2	177	33
pel_obs_sim	2	178	1
pel_obs_sim	2	179	4
pel_obs_sim	2	180	684
pel_obs_sim	2	181	158
pel_obs_sim	2	182	6917.5
pel_obs_sim	2	183	163
pel_obs_sim	2	184	373
pel_obs_sim	2	185	16251.5
pel_obs_sim	2	186	31
pel_obs_sim	2	187	28
pel_obs_sim	2	188	490
pel_obs_sim	2	189	41
pel_obs_sim	2	190	8
pel_obs_sim	2	191	32
pel_obs_sim	2	192	2651
pel_obs_sim	2	193	45
pel_obs_sim	2	194	4
pel_obs_sim	2	195	36
pel_obs_sim	2	196	284
pel_obs_sim	2	197	327
pel_obs_sim	2	198	1268
pel_obs_sim	2	199	259
pel_obs_sim	2	200	853
pel_obs_sim	2	201	3
pel_obs_sim	2	202	27
pel_obs_sim	2	203	13933.5
pel_obs_sim	2	204	4535
pel_obs_sim	2	205	1205
pel_obs_sim	2	206	368
pel_obs_sim	2	207	85
pel_obs_sim	2	208	947
pel_obs_sim	2	209	6367
pel_obs_sim	2	210	128
pel_obs_sim	2	211	1242.5
pel_obs_sim	2	212	325
pel_obs_sim	2	213	311
pel_obs_sim	2	214	9
pel_obs_sim	2	215	445
pel_obs_sim	2	216	16
pel_obs_sim	2	217	54
pel_obs_sim	2	218	855
pel_obs_sim	2	219	2611.5
pel_obs_sim	2	220	75
pel_obs_sim	2	221	447
pel_obs_sim	2	222	18437
pel_obs_sim	2	223	958
pel_obs_sim	2	224	1150
pel_obs_sim	2	225	215
pel_obs_sim	2	226	993
pel_obs_sim	2	227	9
pel_obs_sim	2	228	295
pel_obs_sim	2	229	218
pel_obs_sim	2	230	18
pel_obs_sim	2	231	202
pel_obs_sim	2	232	20
pel_obs_sim	2	233	393
pel_obs_sim	2	234	623
pel_obs_sim	2	235	1977
pel_obs_sim	2	236	390
pel_obs_sim	2	237	70
pel_obs_sim	2	238	75911
pel_obs_sim	2	239	63
pel_obs_sim	2	240	11
pel_obs_sim	2	241	23
pel_obs_sim	2	242	87
pel_obs_sim	2	243	574.5
pel_obs_sim	2	244	631
pel_obs_sim	2	245	45
pel_obs_sim	2	246	13631.5
pel_obs_sim	2	247	2979
pel_obs_sim	2	248	111
pel_obs_sim	2	249	148
pel_obs_sim	2	250	34
pel_obs_sim	2	251	1849
pel_obs_sim	2	252	5980.5
pel_obs_sim	2	253	1461
pel_obs_sim	2	254	7787
pel_obs_sim	2	255	5
pel_obs_sim	2	256	10
pel_obs_sim	2	257	58
pel_obs_sim	2	258	1497
pel_obs_sim	2	259	375
pel_obs_sim	2	260	1686
pel_obs_sim	2	261	329
pel_obs_sim	2	262	122
pel_obs_sim	2	263	51
pel_obs_sim	2	264	136
pel_obs_sim	2	265	165
pel_obs_sim	2	266	172
pel_obs_sim	2	267	306
pel_obs_sim	2	268	34
pel_obs_sim	2	269	3385
pel_obs_sim	2	270	250
pel_obs_sim	2	271	753.5
pel_obs_sim	2	272	115
pel_obs_sim	2	273	1295.5
pel_obs_sim	2	274	9
pel_obs_sim	2	275	3193
pel_obs_sim	2	276	8
pel_obs_sim	2	277	571
pel_obs_sim	2	278	7
pel_obs_sim	2	279	335
pel_obs_sim	2	280	5
pel_obs_sim	2	281	748
pel_obs_sim	2	282	664
pel_obs_sim	2	283	387
pel_obs_sim	2	284	4259
pel_obs_sim	2	285	2072.5
pel_obs_sim	2	286	13
pel_obs_sim	2	287	930
pel_obs_sim	2	288	12
pel_obs_sim	2	289	15113
pel_obs_sim	2	290	31
pel_obs_sim	2	291	149
pel_obs_sim	2	292	65
pel_obs_sim	2	293	122
pel_obs_sim	2	294	212
pel_obs_sim	2	295	41
pel_obs_sim	2	296	438
pel_obs_sim	2	297	36381.5
pel_obs_sim	2	298	142.5
pel_obs_sim	2	299	413
pel_obs_sim	2	300	4
pel_obs_sim	3	1	27
pel_obs_sim	3	2	15
pel_obs_sim	3	3	45
pel_obs_sim	3	4	19
pel_obs_sim	3	5	2
pel_obs_sim	3	6	2252
pel_obs_sim	3	7	23
pel_obs_sim	3	8	6
pel_obs_sim	3	9	19607.5
pel_obs_sim	3	10	2820
pel_obs_sim	3	11	1455
pel_obs_sim	3	12	2
pel_obs_sim	3	13	16
pel_obs_sim	3	14	5
pel_obs_sim	3	15	2683
pel_obs_sim	3	16	9
pel_obs_sim	3	17	69
pel_obs_sim	3	18	4
pel_obs_sim	3	19	7
pel_obs_sim	3	20	64
pel_obs_sim	3	21	938.5
pel_obs_sim	3	22	147
pel_obs_sim	3	23	3
pel_obs_sim	3	24	72
pel_obs_sim	3	25	8
pel_obs_sim	3	26	16
pel_obs_sim	3	27	168
pel_obs_sim	3	28	3
pel_obs_sim	3	29	2
pel_obs_sim	3	30	43
pel_obs_sim	3	31	392
pel_obs_sim	3	32	1
pel_obs_sim	3	33	106
pel_obs_sim	3	34	11
pel_obs_sim	3	35	18
pel_obs_sim	3	36	848
pel_obs_sim	3	37	826
pel_obs_sim	3	38	702
pel_obs_sim	3	39	12
pel_obs_sim	3	40	618
pel_obs_sim	3	41	96
pel_obs_sim	3	42	389
pel_obs_sim	3	43	213
pel_obs_sim	3	44	204
pel_obs_sim	3	45	651
pel_obs_sim	3	46	3
pel_obs_sim	3	47	484
pel_obs_sim	3	48	9574
pel_obs_sim	3	49	766
pel_obs_sim	3	50	386
pel_obs_sim	3	51	1345
pel_obs_sim	3	52	50
pel_obs_sim	3	53	54
pel_obs_sim	3	54	796
pel_obs_sim	3	55	239
pel_obs_sim	3	56	136
pel_obs_sim	3	57	137
pel_obs_sim	3	58	1
pel_obs_sim	3	59	5607.5
pel_obs_sim	3	60	1253
pel_obs_sim	3	61	24
pel_obs_sim	3	62	128
pel_obs_sim	3	63	554
pel_obs_sim	3	64	255
pel_obs_sim	3	65	10
pel_obs_sim	3	66	25
pel_obs_sim	3	67	13
pel_obs_sim	3	68	30
pel_obs_sim	3	69	7
pel_obs_sim	3	70	13
pel_obs_sim	3	71	2
pel_obs_sim	3	72	221
pel_obs_sim	3	73	220
pel_obs_sim	3	74	9
pel_obs_sim	3	75	22453.5
pel_obs_sim	3	76	8
pel_obs_sim	3	77	1209.5
pel_obs_sim	3	78	12
pel_obs_sim	3	79	12
pel_obs_sim	3	80	130
pel_obs_sim	3	81	116
pel_obs_sim	3	82	1
pel_obs_sim	3	83	19
pel_obs_sim	3	84	10
pel_obs_sim	3	85	247
pel_obs_sim	3	86	198
pel_obs_sim	3	87	7
pel_obs_sim	3	88	126
pel_obs_sim	3	89	523
pel_obs_sim	3	90	237
pel_obs_sim	3	91	8
pel_obs_sim	3	92	272
pel_obs_sim	3	93	28
pel_obs_sim	3	94	5722
pel_obs_sim	3	95	1122
pel_obs_sim	3	96	212
pel_obs_sim	3	97	8
pel_obs_sim	3	98	356983
pel_obs_sim	3	99	766
pel_obs_sim	3	100	16
pel_obs_sim	3	101	49
pel_obs_sim	3	102	24
pel_obs_sim	3	103	3
pel_obs_sim	3	104	46
pel_obs_sim	3	105	2
pel_obs_sim	3	106	10
pel_obs_sim	3	107	621
pel_obs_sim	3	108	2
pel_obs_sim	3	109	1
pel_obs_sim	3	110	1633
pel_obs_sim	3	111	34
pel_obs_sim	3	112	515
pel_obs_sim	3	113	1399
pel_obs_sim	3	114	57
pel_obs_sim	3	115	5
pel_obs_sim	3	116	5
pel_obs_sim	3	117	98
pel_obs_sim	3	118	2
pel_obs_sim	3	119	1433
pel_obs_sim	3	120	528
pel_obs_sim	3	121	21
pel_obs_sim	3	122	19
pel_obs_sim	3	123	8
pel_obs_sim	3	124	19267.5
pel_obs_sim	3	125	616
pel_obs_sim	3	126	7
pel_obs_sim	3	127	10
pel_obs_sim	3	128	23
pel_obs_sim	3	129	58
pel_obs_sim	3	130	3
pel_obs_sim	3	131	66
pel_obs_sim	3	132	6273
pel_obs_sim	3	133	1779
pel_obs_sim	3	134	83
pel_obs_sim	3	135	54
pel_obs_sim	3	136	3
pel_obs_sim	3	137	65
pel_obs_sim	3	138	1655
pel_obs_sim	3	139	227
pel_obs_sim	3	140	190
pel_obs_sim	3	141	10
pel_obs_sim	3	142	363
pel_obs_sim	3	143	310
pel_obs_sim	3	144	425
pel_obs_sim	3	145	2191
pel_obs_sim	3	146	24
pel_obs_sim	3	147	153
pel_obs_sim	3	148	114
pel_obs_sim	3	149	5135
pel_obs_sim	3	150	86
pel_obs_sim	3	151	1
pel_obs_sim	3	152	178
pel_obs_sim	3	153	146
pel_obs_sim	3	154	49
pel_obs_sim	3	155	6393
pel_obs_sim	3	156	88
pel_obs_sim	3	157	19
pel_obs_sim	3	158	34
pel_obs_sim	3	159	5
pel_obs_sim	3	160	379
pel_obs_sim	3	161	41866.5
pel_obs_sim	3	162	87
pel_obs_sim	3	163	293
pel_obs_sim	3	164	1564
pel_obs_sim	3	165	25
pel_obs_sim	3	166	981
pel_obs_sim	3	167	15
pel_obs_sim	3	168	226
pel_obs_sim	3	169	125
pel_obs_sim	3	170	1
pel_obs_sim	3	171	106
pel_obs_sim	3	172	45
pel_obs_sim	3	173	25
pel_obs_sim	3	174	87
pel_obs_sim	3	175	10
pel_obs_sim	3	176	29
pel_obs_sim	3	177	142
pel_obs_sim	3	178	1
pel_obs_sim	3	179	1
pel_obs_sim	3	180	171
pel_obs_sim	3	181	3
pel_obs_sim	3	182	402
pel_obs_sim	3	183	66
pel_obs_sim	3	184	365
pel_obs_sim	3	185	783
pel_obs_sim	3	186	19
pel_obs_sim	3	187	23
pel_obs_sim	3	188	174.5
pel_obs_sim	3	189	27
pel_obs_sim	3	190	29
pel_obs_sim	3	191	1
pel_obs_sim	3	192	489
pel_obs_sim	3	193	8
pel_obs_sim	3	194	2
pel_obs_sim	3	195	12
pel_obs_sim	3	196	45
pel_obs_sim	3	197	53
pel_obs_sim	3	198	75
pel_obs_sim	3	199	44
pel_obs_sim	3	200	571
pel_obs_sim	3	201	1
pel_obs_sim	3	202	12
pel_obs_sim	3	203	2806
pel_obs_sim	3	204	7513
pel_obs_sim	3	205	732
pel_obs_sim	3	206	395
pel_obs_sim	3	207	172
pel_obs_sim	3	208	72
pel_obs_sim	3	209	7861
pel_obs_sim	3	210	78
pel_obs_sim	3	211	1418
pel_obs_sim	3	212	343
pel_obs_sim	3	213	37
pel_obs_sim	3	214	25
pel_obs_sim	3	215	31
pel_obs_sim	3	216	10
pel_obs_sim	3	217	48
pel_obs_sim	3	218	73
pel_obs_sim	3	219	973
pel_obs_sim	3	220	2
pel_obs_sim	3	221	378
pel_obs_sim	3	222	134
pel_obs_sim	3	223	1332
pel_obs_sim	3	224	26
pel_obs_sim	3	225	125
pel_obs_sim	3	226	495
pel_obs_sim	3	227	2
pel_obs_sim	3	228	112
pel_obs_sim	3	229	212
pel_obs_sim	3	230	21
pel_obs_sim	3	231	107
pel_obs_sim	3	232	4
pel_obs_sim	3	233	287
pel_obs_sim	3	234	560
pel_obs_sim	3	235	355
pel_obs_sim	3	236	662
pel_obs_sim	3	237	23
pel_obs_sim	3	238	6105
pel_obs_sim	3	239	185
pel_obs_sim	3	240	1
pel_obs_sim	3	241	2
pel_obs_sim	3	242	111
pel_obs_sim	3	243	206
pel_obs_sim	3	244	1375.5
pel_obs_sim	3	245	23
pel_obs_sim	3	246	28253
pel_obs_sim	3	247	647
pel_obs_sim	3	248	182.5
pel_obs_sim	3	249	653
pel_obs_sim	3	250	46
pel_obs_sim	3	251	200
pel_obs_sim	3	252	1904
pel_obs_sim	3	253	327
pel_obs_sim	3	254	1220
pel_obs_sim	3	255	1
pel_obs_sim	3	256	4
pel_obs_sim	3	257	4
pel_obs_sim	3	258	944
pel_obs_sim	3	259	41
pel_obs_sim	3	260	145
pel_obs_sim	3	261	28
pel_obs_sim	3	262	31
pel_obs_sim	3	263	21
pel_obs_sim	3	264	43
pel_obs_sim	3	265	22
pel_obs_sim	3	266	123
pel_obs_sim	3	267	9
pel_obs_sim	3	268	2
pel_obs_sim	3	269	1606
pel_obs_sim	3	270	27
pel_obs_sim	3	271	694
pel_obs_sim	3	272	9
pel_obs_sim	3	273	81
pel_obs_sim	3	274	15
pel_obs_sim	3	275	568
pel_obs_sim	3	276	3
pel_obs_sim	3	277	41
pel_obs_sim	3	278	1
pel_obs_sim	3	279	162
pel_obs_sim	3	280	4
pel_obs_sim	3	281	13
pel_obs_sim	3	282	393
pel_obs_sim	3	283	65
pel_obs_sim	3	284	844
pel_obs_sim	3	285	462
pel_obs_sim	3	286	93
pel_obs_sim	3	287	395
pel_obs_sim	3	288	32
pel_obs_sim	3	289	2777
pel_obs_sim	3	290	15
pel_obs_sim	3	291	50
pel_obs_sim	3	292	20
pel_obs_sim	3	293	161
pel_obs_sim	3	294	900
pel_obs_sim	3	295	8
pel_obs_sim	3	296	210
pel_obs_sim	3	297	37240
pel_obs_sim	3	298	48
pel_obs_sim	3	299	121
pel_obs_sim	3	300	2
tot_obs_sim	1	1	182
tot_obs_sim	1	2	132
tot_obs_sim	1	3	234.5
tot_obs_sim	1	4	42
tot_obs_sim	1	5	26
tot_obs_sim	1	6	4874
tot_obs_sim	1	7	90
tot_obs_sim	1	8	95
tot_obs_sim	1	9	23564.5
tot_obs_sim	1	10	8102.5
tot_obs_sim	1	11	5836
tot_obs_sim	1	12	31
tot_obs_sim	1	13	375
tot_obs_sim	1	14	20
tot_obs_sim	1	15	9709
tot_obs_sim	1	16	30
tot_obs_sim	1	17	1280
tot_obs_sim	1	18	84
tot_obs_sim	1	19	862
tot_obs_sim	1	20	170
tot_obs_sim	1	21	1984
tot_obs_sim	1	22	374
tot_obs_sim	1	23	29
tot_obs_sim	1	24	134
tot_obs_sim	1	25	84
tot_obs_sim	1	26	99
tot_obs_sim	1	27	1139
tot_obs_sim	1	28	22
tot_obs_sim	1	29	7
tot_obs_sim	1	30	158
tot_obs_sim	1	31	6902.5
tot_obs_sim	1	32	5
tot_obs_sim	1	33	177
tot_obs_sim	1	34	38
tot_obs_sim	1	35	95
tot_obs_sim	1	36	4730.5
tot_obs_sim	1	37	1688
tot_obs_sim	1	38	3424
tot_obs_sim	1	39	664
tot_obs_sim	1	40	1492
tot_obs_sim	1	41	344
tot_obs_sim	1	42	1903.5
tot_obs_sim	1	43	2459.5
tot_obs_sim	1	44	560
tot_obs_sim	1	45	2940
tot_obs_sim	1	46	133
tot_obs_sim	1	47	728.5
tot_obs_sim	1	48	9470
tot_obs_sim	1	49	2168
tot_obs_sim	1	50	6017
tot_obs_sim	1	51	3243.5
tot_obs_sim	1	52	146
tot_obs_sim	1	53	136
tot_obs_sim	1	54	1604.5
tot_obs_sim	1	55	621
tot_obs_sim	1	56	4645
tot_obs_sim	1	57	735.5
tot_obs_sim	1	58	3
tot_obs_sim	1	59	8065.5
tot_obs_sim	1	60	11946.5
tot_obs_sim	1	61	73
tot_obs_sim	1	62	375
tot_obs_sim	1	63	953
tot_obs_sim	1	64	1491.5
tot_obs_sim	1	65	53
tot_obs_sim	1	66	143
tot_obs_sim	1	67	35
tot_obs_sim	1	68	131
tot_obs_sim	1	69	46
tot_obs_sim	1	70	31
tot_obs_sim	1	71	46
tot_obs_sim	1	72	321.5
tot_obs_sim	1	73	806
tot_obs_sim	1	74	18
tot_obs_sim	1	75	43724.5
tot_obs_sim	1	76	50
tot_obs_sim	1	77	2158.5
tot_obs_sim	1	78	21
tot_obs_sim	1	79	267
tot_obs_sim	1	80	1337
tot_obs_sim	1	81	280
tot_obs_sim	1	82	66
tot_obs_sim	1	83	66
tot_obs_sim	1	84	18
tot_obs_sim	1	85	1865.5
tot_obs_sim	1	86	1223
tot_obs_sim	1	87	89
tot_obs_sim	1	88	1116
tot_obs_sim	1	89	2090
tot_obs_sim	1	90	3363.5
tot_obs_sim	1	91	63
tot_obs_sim	1	92	1310.5
tot_obs_sim	1	93	67
tot_obs_sim	1	94	14124.5
tot_obs_sim	1	95	2554.5
tot_obs_sim	1	96	15742
tot_obs_sim	1	97	94
tot_obs_sim	1	98	442287.5
tot_obs_sim	1	99	2506.5
tot_obs_sim	1	100	253.5
tot_obs_sim	1	101	110
tot_obs_sim	1	102	136
tot_obs_sim	1	103	29
tot_obs_sim	1	104	879
tot_obs_sim	1	105	15
tot_obs_sim	1	106	27
tot_obs_sim	1	107	1861.5
tot_obs_sim	1	108	113
tot_obs_sim	1	109	6
tot_obs_sim	1	110	8263
tot_obs_sim	1	111	309
tot_obs_sim	1	112	493
tot_obs_sim	1	113	5288
tot_obs_sim	1	114	213
tot_obs_sim	1	115	67
tot_obs_sim	1	116	81
tot_obs_sim	1	117	453
tot_obs_sim	1	118	112
tot_obs_sim	1	119	10555
tot_obs_sim	1	120	1915
tot_obs_sim	1	121	27
tot_obs_sim	1	122	128
tot_obs_sim	1	123	247
tot_obs_sim	1	124	39312
tot_obs_sim	1	125	2391.5
tot_obs_sim	1	126	68
tot_obs_sim	1	127	56
tot_obs_sim	1	128	2987
tot_obs_sim	1	129	207
tot_obs_sim	1	130	9
tot_obs_sim	1	131	66
tot_obs_sim	1	132	11609
tot_obs_sim	1	133	3711.5
tot_obs_sim	1	134	1782
tot_obs_sim	1	135	162
tot_obs_sim	1	136	13
tot_obs_sim	1	137	412
tot_obs_sim	1	138	3782
tot_obs_sim	1	139	742
tot_obs_sim	1	140	715
tot_obs_sim	1	141	17
tot_obs_sim	1	142	1140
tot_obs_sim	1	143	1282
tot_obs_sim	1	144	13613.5
tot_obs_sim	1	145	2385
tot_obs_sim	1	146	941
tot_obs_sim	1	147	2772
tot_obs_sim	1	148	1854.5
tot_obs_sim	1	149	9326.5
tot_obs_sim	1	150	444
tot_obs_sim	1	151	8
tot_obs_sim	1	152	206
tot_obs_sim	1	153	730
tot_obs_sim	1	154	132
tot_obs_sim	1	155	19704.5
tot_obs_sim	1	156	242
tot_obs_sim	1	157	192
tot_obs_sim	1	158	197
tot_obs_sim	1	159	21
tot_obs_sim	1	160	2045.5
tot_obs_sim	1	161	78364
tot_obs_sim	1	162	149
tot_obs_sim	1	163	3589.5
tot_obs_sim	1	164	12241.5
tot_obs_sim	1	165	362.5
tot_obs_sim	1	166	2020
tot_obs_sim	1	167	21
tot_obs_sim	1	168	2099
tot_obs_sim	1	169	5213
tot_obs_sim	1	170	4
tot_obs_sim	1	171	179
tot_obs_sim	1	172	688
tot_obs_sim	1	173	141
tot_obs_sim	1	174	190
tot_obs_sim	1	175	27
tot_obs_sim	1	176	261
tot_obs_sim	1	177	611.5
tot_obs_sim	1	178	4
tot_obs_sim	1	179	41
tot_obs_sim	1	180	717
tot_obs_sim	1	181	323
tot_obs_sim	1	182	23280
tot_obs_sim	1	183	299
tot_obs_sim	1	184	1147.5
tot_obs_sim	1	185	12706.5
tot_obs_sim	1	186	35
tot_obs_sim	1	187	79
tot_obs_sim	1	188	411
tot_obs_sim	1	189	103
tot_obs_sim	1	190	42
tot_obs_sim	1	191	36
tot_obs_sim	1	192	1731
tot_obs_sim	1	193	33
tot_obs_sim	1	194	6
tot_obs_sim	1	195	179
tot_obs_sim	1	196	389
tot_obs_sim	1	197	606.5
tot_obs_sim	1	198	5518.5
tot_obs_sim	1	199	393
tot_obs_sim	1	200	1426.5
tot_obs_sim	1	201	7
tot_obs_sim	1	202	46
tot_obs_sim	1	203	31910.5
tot_obs_sim	1	204	6485.5
tot_obs_sim	1	205	1985.5
tot_obs_sim	1	206	1632
tot_obs_sim	1	207	231
tot_obs_sim	1	208	790
tot_obs_sim	1	209	17680
tot_obs_sim	1	210	148
tot_obs_sim	1	211	1997.5
tot_obs_sim	1	212	1006
tot_obs_sim	1	213	430
tot_obs_sim	1	214	37
tot_obs_sim	1	215	1590
tot_obs_sim	1	216	80
tot_obs_sim	1	217	211
tot_obs_sim	1	218	1508
tot_obs_sim	1	219	3803.5
tot_obs_sim	1	220	96
tot_obs_sim	1	221	1122
tot_obs_sim	1	222	18814
tot_obs_sim	1	223	2695
tot_obs_sim	1	224	2928
tot_obs_sim	1	225	669
tot_obs_sim	1	226	741
tot_obs_sim	1	227	14
tot_obs_sim	1	228	1096
tot_obs_sim	1	229	1381.5
tot_obs_sim	1	230	67
tot_obs_sim	1	231	468
tot_obs_sim	1	232	135
tot_obs_sim	1	233	975.5
tot_obs_sim	1	234	1643.5
tot_obs_sim	1	235	1899
tot_obs_sim	1	236	1826.5
tot_obs_sim	1	237	389
tot_obs_sim	1	238	97987
tot_obs_sim	1	239	343
tot_obs_sim	1	240	77
tot_obs_sim	1	241	52
tot_obs_sim	1	242	424
tot_obs_sim	1	243	464
tot_obs_sim	1	244	1719
tot_obs_sim	1	245	65
tot_obs_sim	1	246	29264
tot_obs_sim	1	247	5186
tot_obs_sim	1	248	462
tot_obs_sim	1	249	1303.5
tot_obs_sim	1	250	68
tot_obs_sim	1	251	1839.5
tot_obs_sim	1	252	4442
tot_obs_sim	1	253	5925
tot_obs_sim	1	254	12071
tot_obs_sim	1	255	10
tot_obs_sim	1	256	24
tot_obs_sim	1	257	96
tot_obs_sim	1	258	2512
tot_obs_sim	1	259	487
tot_obs_sim	1	260	2072
tot_obs_sim	1	261	662
tot_obs_sim	1	262	193
tot_obs_sim	1	263	172.5
tot_obs_sim	1	264	493
tot_obs_sim	1	265	308
tot_obs_sim	1	266	259
tot_obs_sim	1	267	412
tot_obs_sim	1	268	29
tot_obs_sim	1	269	7178.5
tot_obs_sim	1	270	385
tot_obs_sim	1	271	2406
tot_obs_sim	1	272	181
tot_obs_sim	1	273	1561
tot_obs_sim	1	274	24
tot_obs_sim	1	275	2462.5
tot_obs_sim	1	276	16
tot_obs_sim	1	277	640
tot_obs_sim	1	278	7
tot_obs_sim	1	279	626
tot_obs_sim	1	280	13
tot_obs_sim	1	281	657
tot_obs_sim	1	282	619
tot_obs_sim	1	283	381
tot_obs_sim	1	284	4563.5
tot_obs_sim	1	285	2878
tot_obs_sim	1	286	159
tot_obs_sim	1	287	1894
tot_obs_sim	1	288	52
tot_obs_sim	1	289	47153
tot_obs_sim	1	290	43
tot_obs_sim	1	291	276
tot_obs_sim	1	292	49
tot_obs_sim	1	293	384
tot_obs_sim	1	294	1702.5
tot_obs_sim	1	295	59
tot_obs_sim	1	296	2811
tot_obs_sim	1	297	60768
tot_obs_sim	1	298	141
tot_obs_sim	1	299	873
tot_obs_sim	1	300	9
tot_obs_sim	2	1	258.5
tot_obs_sim	2	2	160
tot_obs_sim	2	3	281
tot_obs_sim	2	4	63
tot_obs_sim	2	5	38
tot_obs_sim	2	6	6460.5
tot_obs_sim	2	7	117
tot_obs_sim	2	8	129
tot_obs_sim	2	9	30488.5
tot_obs_sim	2	10	12270
tot_obs_sim	2	11	8492
tot_obs_sim	2	12	43
tot_obs_sim	2	13	462
tot_obs_sim	2	14	31
tot_obs_sim	2	15	12508
tot_obs_sim	2	16	43
tot_obs_sim	2	17	1706.5
tot_obs_sim	2	18	126
tot_obs_sim	2	19	1000
tot_obs_sim	2	20	246
tot_obs_sim	2	21	2277
tot_obs_sim	2	22	559
tot_obs_sim	2	23	36
tot_obs_sim	2	24	202
tot_obs_sim	2	25	105
tot_obs_sim	2	26	133
tot_obs_sim	2	27	1615
tot_obs_sim	2	28	25
tot_obs_sim	2	29	9
tot_obs_sim	2	30	195
tot_obs_sim	2	31	11612.5
tot_obs_sim	2	32	6
tot_obs_sim	2	33	250
tot_obs_sim	2	34	53
tot_obs_sim	2	35	162
tot_obs_sim	2	36	6359.5
tot_obs_sim	2	37	2180
tot_obs_sim	2	38	4422.5
tot_obs_sim	2	39	777.5
tot_obs_sim	2	40	1965.5
tot_obs_sim	2	41	471
tot_obs_sim	2	42	2727
tot_obs_sim	2	43	3041.5
tot_obs_sim	2	44	837.5
tot_obs_sim	2	45	4636
tot_obs_sim	2	46	163
tot_obs_sim	2	47	1091.5
tot_obs_sim	2	48	12595
tot_obs_sim	2	49	2951
tot_obs_sim	2	50	8072
tot_obs_sim	2	51	4472
tot_obs_sim	2	52	186
tot_obs_sim	2	53	195
tot_obs_sim	2	54	2149
tot_obs_sim	2	55	843
tot_obs_sim	2	56	7276
tot_obs_sim	2	57	914
tot_obs_sim	2	58	4
tot_obs_sim	2	59	11211
tot_obs_sim	2	60	15488.5
tot_obs_sim	2	61	132
tot_obs_sim	2	62	470
tot_obs_sim	2	63	1398
tot_obs_sim	2	64	1911
tot_obs_sim	2	65	59
tot_obs_sim	2	66	195
tot_obs_sim	2	67	55
tot_obs_sim	2	68	184
tot_obs_sim	2	69	71
tot_obs_sim	2	70	41
tot_obs_sim	2	71	58
tot_obs_sim	2	72	486
tot_obs_sim	2	73	1000.5
tot_obs_sim	2	74	28
tot_obs_sim	2	75	61651.5
tot_obs_sim	2	76	67
tot_obs_sim	2	77	3065
tot_obs_sim	2	78	28
tot_obs_sim	2	79	360
tot_obs_sim	2	80	2279
tot_obs_sim	2	81	354
tot_obs_sim	2	82	82
tot_obs_sim	2	83	103
tot_obs_sim	2	84	22
tot_obs_sim	2	85	2419
tot_obs_sim	2	86	1577
tot_obs_sim	2	87	108
tot_obs_sim	2	88	1940
tot_obs_sim	2	89	2855.5
tot_obs_sim	2	90	5028.5
tot_obs_sim	2	91	84
tot_obs_sim	2	92	1829
tot_obs_sim	2	93	106
tot_obs_sim	2	94	17844.5
tot_obs_sim	2	95	3352.5
tot_obs_sim	2	96	22955
tot_obs_sim	2	97	144
tot_obs_sim	2	98	597220.5
tot_obs_sim	2	99	3673.5
tot_obs_sim	2	100	238
tot_obs_sim	2	101	139
tot_obs_sim	2	102	166
tot_obs_sim	2	103	39
tot_obs_sim	2	104	1206
tot_obs_sim	2	105	29
tot_obs_sim	2	106	34
tot_obs_sim	2	107	2608
tot_obs_sim	2	108	158
tot_obs_sim	2	109	9
tot_obs_sim	2	110	10849
tot_obs_sim	2	111	413.5
tot_obs_sim	2	112	637
tot_obs_sim	2	113	7125
tot_obs_sim	2	114	258.5
tot_obs_sim	2	115	104
tot_obs_sim	2	116	135
tot_obs_sim	2	117	655.5
tot_obs_sim	2	118	155
tot_obs_sim	2	119	16673
tot_obs_sim	2	120	2518
tot_obs_sim	2	121	39
tot_obs_sim	2	122	163
tot_obs_sim	2	123	315
tot_obs_sim	2	124	51364
tot_obs_sim	2	125	2858.5
tot_obs_sim	2	126	106
tot_obs_sim	2	127	66
tot_obs_sim	2	128	3811
tot_obs_sim	2	129	278
tot_obs_sim	2	130	13
tot_obs_sim	2	131	82.5
tot_obs_sim	2	132	18576
tot_obs_sim	2	133	4796.5
tot_obs_sim	2	134	2386
tot_obs_sim	2	135	193
tot_obs_sim	2	136	18
tot_obs_sim	2	137	543
tot_obs_sim	2	138	5159.5
tot_obs_sim	2	139	1013
tot_obs_sim	2	140	1016.5
tot_obs_sim	2	141	24
tot_obs_sim	2	142	1461
tot_obs_sim	2	143	1601
tot_obs_sim	2	144	19285.5
tot_obs_sim	2	145	3784
tot_obs_sim	2	146	1247.5
tot_obs_sim	2	147	3925
tot_obs_sim	2	148	2398.5
tot_obs_sim	2	149	13418.5
tot_obs_sim	2	150	503
tot_obs_sim	2	151	17
tot_obs_sim	2	152	361
tot_obs_sim	2	153	818.5
tot_obs_sim	2	154	168
tot_obs_sim	2	155	26458.5
tot_obs_sim	2	156	329
tot_obs_sim	2	157	262
tot_obs_sim	2	158	296
tot_obs_sim	2	159	24
tot_obs_sim	2	160	2876.5
tot_obs_sim	2	161	116633
tot_obs_sim	2	162	203
tot_obs_sim	2	163	4693
tot_obs_sim	2	164	16578
tot_obs_sim	2	165	524
tot_obs_sim	2	166	2480
tot_obs_sim	2	167	35
tot_obs_sim	2	168	2514
tot_obs_sim	2	169	8530
tot_obs_sim	2	170	6
tot_obs_sim	2	171	247
tot_obs_sim	2	172	1068.5
tot_obs_sim	2	173	200
tot_obs_sim	2	174	223
tot_obs_sim	2	175	42
tot_obs_sim	2	176	322
tot_obs_sim	2	177	733
tot_obs_sim	2	178	4
tot_obs_sim	2	179	55
tot_obs_sim	2	180	1032
tot_obs_sim	2	181	380.5
tot_obs_sim	2	182	29398
tot_obs_sim	2	183	402
tot_obs_sim	2	184	1435
tot_obs_sim	2	185	19718.5
tot_obs_sim	2	186	57
tot_obs_sim	2	187	121
tot_obs_sim	2	188	653.5
tot_obs_sim	2	189	143
tot_obs_sim	2	190	46
tot_obs_sim	2	191	52
tot_obs_sim	2	192	3069
tot_obs_sim	2	193	62
tot_obs_sim	2	194	10
tot_obs_sim	2	195	228
tot_obs_sim	2	196	552
tot_obs_sim	2	197	857
tot_obs_sim	2	198	6686.5
tot_obs_sim	2	199	575
tot_obs_sim	2	200	2008
tot_obs_sim	2	201	11
tot_obs_sim	2	202	77
tot_obs_sim	2	203	43299.5
tot_obs_sim	2	204	8827
tot_obs_sim	2	205	2825.5
tot_obs_sim	2	206	1996.5
tot_obs_sim	2	207	312
tot_obs_sim	2	208	1285
tot_obs_sim	2	209	22924.5
tot_obs_sim	2	210	203
tot_obs_sim	2	211	2849.5
tot_obs_sim	2	212	1353
tot_obs_sim	2	213	619
tot_obs_sim	2	214	52
tot_obs_sim	2	215	2213
tot_obs_sim	2	216	81
tot_obs_sim	2	217	273
tot_obs_sim	2	218	2008.5
tot_obs_sim	2	219	5237.5
tot_obs_sim	2	220	134
tot_obs_sim	2	221	1427
tot_obs_sim	2	222	27208.5
tot_obs_sim	2	223	3585.5
tot_obs_sim	2	224	3872
tot_obs_sim	2	225	838
tot_obs_sim	2	226	1160.5
tot_obs_sim	2	227	17
tot_obs_sim	2	228	1227
tot_obs_sim	2	229	1593
tot_obs_sim	2	230	97
tot_obs_sim	2	231	608
tot_obs_sim	2	232	182
tot_obs_sim	2	233	1251.5
tot_obs_sim	2	234	2225
tot_obs_sim	2	235	2869.5
tot_obs_sim	2	236	2346.5
tot_obs_sim	2	237	490
tot_obs_sim	2	238	136217.5
tot_obs_sim	2	239	436
tot_obs_sim	2	240	91
tot_obs_sim	2	241	55
tot_obs_sim	2	242	584.5
tot_obs_sim	2	243	743
tot_obs_sim	2	244	2311
tot_obs_sim	2	245	89
tot_obs_sim	2	246	36774
tot_obs_sim	2	247	6681
tot_obs_sim	2	248	545
tot_obs_sim	2	249	1710
tot_obs_sim	2	250	99
tot_obs_sim	2	251	2930
tot_obs_sim	2	252	7989.5
tot_obs_sim	2	253	6961
tot_obs_sim	2	254	15822.5
tot_obs_sim	2	255	11
tot_obs_sim	2	256	38
tot_obs_sim	2	257	125
tot_obs_sim	2	258	3431.5
tot_obs_sim	2	259	712.5
tot_obs_sim	2	260	2987
tot_obs_sim	2	261	925.5
tot_obs_sim	2	262	251
tot_obs_sim	2	263	242
tot_obs_sim	2	264	616.5
tot_obs_sim	2	265	391
tot_obs_sim	2	266	378
tot_obs_sim	2	267	574
tot_obs_sim	2	268	53
tot_obs_sim	2	269	9754.5
tot_obs_sim	2	270	500
tot_obs_sim	2	271	2951.5
tot_obs_sim	2	272	251
tot_obs_sim	2	273	2242.5
tot_obs_sim	2	274	33
tot_obs_sim	2	275	4152
tot_obs_sim	2	276	26
tot_obs_sim	2	277	871
tot_obs_sim	2	278	11
tot_obs_sim	2	279	843
tot_obs_sim	2	280	16
tot_obs_sim	2	281	1047.5
tot_obs_sim	2	282	1124.5
tot_obs_sim	2	283	530
tot_obs_sim	2	284	7062
tot_obs_sim	2	285	4057.5
tot_obs_sim	2	286	205
tot_obs_sim	2	287	2580.5
tot_obs_sim	2	288	62
tot_obs_sim	2	289	56811.5
tot_obs_sim	2	290	64
tot_obs_sim	2	291	393
tot_obs_sim	2	292	80
tot_obs_sim	2	293	530
tot_obs_sim	2	294	2236.5
tot_obs_sim	2	295	77
tot_obs_sim	2	296	3456
tot_obs_sim	2	297	85696
tot_obs_sim	2	298	220
tot_obs_sim	2	299	1246
tot_obs_sim	2	300	15
tot_obs_sim	3	1	131
tot_obs_sim	3	2	92
tot_obs_sim	3	3	195
tot_obs_sim	3	4	40
tot_obs_sim	3	5	22
tot_obs_sim	3	6	5110
tot_obs_sim	3	7	77
tot_obs_sim	3	8	72
tot_obs_sim	3	9	29681
tot_obs_sim	3	10	7862.5
tot_obs_sim	3	11	5133
tot_obs_sim	3	12	24
tot_obs_sim	3	13	230
tot_obs_sim	3	14	15
tot_obs_sim	3	15	8147.5
tot_obs_sim	3	16	27
tot_obs_sim	3	17	947.5
tot_obs_sim	3	18	62
tot_obs_sim	3	19	543
tot_obs_sim	3	20	151
tot_obs_sim	3	21	1958
tot_obs_sim	3	22	325
tot_obs_sim	3	23	20
tot_obs_sim	3	24	147
tot_obs_sim	3	25	56
tot_obs_sim	3	26	76
tot_obs_sim	3	27	844
tot_obs_sim	3	28	15
tot_obs_sim	3	29	6
tot_obs_sim	3	30	147
tot_obs_sim	3	31	5841.5
tot_obs_sim	3	32	4
tot_obs_sim	3	33	199
tot_obs_sim	3	34	35
tot_obs_sim	3	35	81
tot_obs_sim	3	36	3602
tot_obs_sim	3	37	1698
tot_obs_sim	3	38	2713
tot_obs_sim	3	39	455
tot_obs_sim	3	40	1474
tot_obs_sim	3	41	312
tot_obs_sim	3	42	1514
tot_obs_sim	3	43	1635
tot_obs_sim	3	44	593
tot_obs_sim	3	45	2445
tot_obs_sim	3	46	94
tot_obs_sim	3	47	897.5
tot_obs_sim	3	48	13653.5
tot_obs_sim	3	49	2072.5
tot_obs_sim	3	50	4656
tot_obs_sim	3	51	3123
tot_obs_sim	3	52	130
tot_obs_sim	3	53	131
tot_obs_sim	3	54	1591.5
tot_obs_sim	3	55	628
tot_obs_sim	3	56	3768.5
tot_obs_sim	3	57	590
tot_obs_sim	3	58	3
tot_obs_sim	3	59	9924.5
tot_obs_sim	3	60	8819.5
tot_obs_sim	3	61	76
tot_obs_sim	3	62	310
tot_obs_sim	3	63	1009
tot_obs_sim	3	64	1228.5
tot_obs_sim	3	65	37
tot_obs_sim	3	66	107
tot_obs_sim	3	67	34
tot_obs_sim	3	68	99
tot_obs_sim	3	69	35
tot_obs_sim	3	70	29
tot_obs_sim	3	71	32
tot_obs_sim	3	72	408
tot_obs_sim	3	73	700.5
tot_obs_sim	3	74	19
tot_obs_sim	3	75	45064
tot_obs_sim	3	76	40
tot_obs_sim	3	77	2218.5
tot_obs_sim	3	78	22
tot_obs_sim	3	79	181
tot_obs_sim	3	80	1123
tot_obs_sim	3	81	264
tot_obs_sim	3	82	35
tot_obs_sim	3	83	55
tot_obs_sim	3	84	19
tot_obs_sim	3	85	1414
tot_obs_sim	3	86	941.5
tot_obs_sim	3	87	62
tot_obs_sim	3	88	867.5
tot_obs_sim	3	89	1605.5
tot_obs_sim	3	90	2568
tot_obs_sim	3	91	46
tot_obs_sim	3	92	1082
tot_obs_sim	3	93	68
tot_obs_sim	3	94	13001.5
tot_obs_sim	3	95	2422.5
tot_obs_sim	3	96	10474.5
tot_obs_sim	3	97	76
tot_obs_sim	3	98	515481
tot_obs_sim	3	99	2235
tot_obs_sim	3	100	164
tot_obs_sim	3	101	106
tot_obs_sim	3	102	99
tot_obs_sim	3	103	25
tot_obs_sim	3	104	622
tot_obs_sim	3	105	14
tot_obs_sim	3	106	21
tot_obs_sim	3	107	1794
tot_obs_sim	3	108	75
tot_obs_sim	3	109	5
tot_obs_sim	3	110	6623
tot_obs_sim	3	111	253
tot_obs_sim	3	112	706
tot_obs_sim	3	113	4580.5
tot_obs_sim	3	114	176
tot_obs_sim	3	115	54
tot_obs_sim	3	116	54
tot_obs_sim	3	117	373
tot_obs_sim	3	118	82
tot_obs_sim	3	119	8682.5
tot_obs_sim	3	120	1701
tot_obs_sim	3	121	35
tot_obs_sim	3	122	104
tot_obs_sim	3	123	163
tot_obs_sim	3	124	38611
tot_obs_sim	3	125	1991.5
tot_obs_sim	3	126	51
tot_obs_sim	3	127	41
tot_obs_sim	3	128	1855
tot_obs_sim	3	129	182
tot_obs_sim	3	130	9
tot_obs_sim	3	131	88
tot_obs_sim	3	132	12457.5
tot_obs_sim	3	133	3779
tot_obs_sim	3	134	1222
tot_obs_sim	3	135	151
tot_obs_sim	3	136	14
tot_obs_sim	3	137	334
tot_obs_sim	3	138	3710.5
tot_obs_sim	3	139	680
tot_obs_sim	3	140	614
tot_obs_sim	3	141	18
tot_obs_sim	3	142	949
tot_obs_sim	3	143	995.5
tot_obs_sim	3	144	9226
tot_obs_sim	3	145	3232.5
tot_obs_sim	3	146	680
tot_obs_sim	3	147	2194.5
tot_obs_sim	3	148	1233.5
tot_obs_sim	3	149	10029.5
tot_obs_sim	3	150	359
tot_obs_sim	3	151	9
tot_obs_sim	3	152	265.5
tot_obs_sim	3	153	597
tot_obs_sim	3	154	124
tot_obs_sim	3	155	19060
tot_obs_sim	3	156	231.5
tot_obs_sim	3	157	143
tot_obs_sim	3	158	170
tot_obs_sim	3	159	16
tot_obs_sim	3	160	1768
tot_obs_sim	3	161	83594.5
tot_obs_sim	3	162	149
tot_obs_sim	3	163	2622
tot_obs_sim	3	164	8738
tot_obs_sim	3	165	262
tot_obs_sim	3	166	2066.5
tot_obs_sim	3	167	26
tot_obs_sim	3	168	1561
tot_obs_sim	3	169	3640.5
tot_obs_sim	3	170	3
tot_obs_sim	3	171	193
tot_obs_sim	3	172	576
tot_obs_sim	3	173	115
tot_obs_sim	3	174	182
tot_obs_sim	3	175	30
tot_obs_sim	3	176	177
tot_obs_sim	3	177	571
tot_obs_sim	3	178	4
tot_obs_sim	3	179	33
tot_obs_sim	3	180	613.5
tot_obs_sim	3	181	188
tot_obs_sim	3	182	15645.5
tot_obs_sim	3	183	231
tot_obs_sim	3	184	1012
tot_obs_sim	3	185	10441
tot_obs_sim	3	186	37
tot_obs_sim	3	187	65
tot_obs_sim	3	188	433
tot_obs_sim	3	189	107
tot_obs_sim	3	190	51
tot_obs_sim	3	191	22
tot_obs_sim	3	192	1632
tot_obs_sim	3	193	35
tot_obs_sim	3	194	6
tot_obs_sim	3	195	120
tot_obs_sim	3	196	307.5
tot_obs_sim	3	197	470.5
tot_obs_sim	3	198	3818.5
tot_obs_sim	3	199	302
tot_obs_sim	3	200	1388
tot_obs_sim	3	201	8
tot_obs_sim	3	202	41
tot_obs_sim	3	203	23363.5
tot_obs_sim	3	204	9961.5
tot_obs_sim	3	205	1769
tot_obs_sim	3	206	1354
tot_obs_sim	3	207	270
tot_obs_sim	3	208	588
tot_obs_sim	3	209	16788.5
tot_obs_sim	3	210	157
tot_obs_sim	3	211	2409.5
tot_obs_sim	3	212	977
tot_obs_sim	3	213	322
tot_obs_sim	3	214	44
tot_obs_sim	3	215	1226
tot_obs_sim	3	216	54
tot_obs_sim	3	217	172
tot_obs_sim	3	218	1062
tot_obs_sim	3	219	3460
tot_obs_sim	3	220	61
tot_obs_sim	3	221	1039.5
tot_obs_sim	3	222	11159
tot_obs_sim	3	223	2810.5
tot_obs_sim	3	224	1879.5
tot_obs_sim	3	225	551.5
tot_obs_sim	3	226	858
tot_obs_sim	3	227	9
tot_obs_sim	3	228	815
tot_obs_sim	3	229	1068
tot_obs_sim	3	230	66
tot_obs_sim	3	231	417
tot_obs_sim	3	232	111
tot_obs_sim	3	233	804
tot_obs_sim	3	234	1521
tot_obs_sim	3	235	1467
tot_obs_sim	3	236	1671
tot_obs_sim	3	237	282
tot_obs_sim	3	238	67399
tot_obs_sim	3	239	339
tot_obs_sim	3	240	53
tot_obs_sim	3	241	30
tot_obs_sim	3	242	376
tot_obs_sim	3	243	428
tot_obs_sim	3	244	2057.5
tot_obs_sim	3	245	62
tot_obs_sim	3	246	40564.5
tot_obs_sim	3	247	3883
tot_obs_sim	3	248	465
tot_obs_sim	3	249	1447.5
tot_obs_sim	3	250	78
tot_obs_sim	3	251	1486
tot_obs_sim	3	252	4427.5
tot_obs_sim	3	253	3929
tot_obs_sim	3	254	8986
tot_obs_sim	3	255	7
tot_obs_sim	3	256	19
tot_obs_sim	3	257	73
tot_obs_sim	3	258	2365
tot_obs_sim	3	259	343
tot_obs_sim	3	260	1433
tot_obs_sim	3	261	438
tot_obs_sim	3	262	156
tot_obs_sim	3	263	138
tot_obs_sim	3	264	386
tot_obs_sim	3	265	199
tot_obs_sim	3	266	281
tot_obs_sim	3	267	307.5
tot_obs_sim	3	268	24
tot_obs_sim	3	269	5891
tot_obs_sim	3	270	255
tot_obs_sim	3	271	2133.5
tot_obs_sim	3	272	145
tot_obs_sim	3	273	1152
tot_obs_sim	3	274	26
tot_obs_sim	3	275	2153.5
tot_obs_sim	3	276	11
tot_obs_sim	3	277	389
tot_obs_sim	3	278	5
tot_obs_sim	3	279	555
tot_obs_sim	3	280	10
tot_obs_sim	3	281	479
tot_obs_sim	3	282	823
tot_obs_sim	3	283	295
tot_obs_sim	3	284	3804.5
tot_obs_sim	3	285	2379
tot_obs_sim	3	286	175
tot_obs_sim	3	287	1526.5
tot_obs_sim	3	288	62
tot_obs_sim	3	289	30749
tot_obs_sim	3	290	41
tot_obs_sim	3	291	222
tot_obs_sim	3	292	49
tot_obs_sim	3	293	388
tot_obs_sim	3	294	1821
tot_obs_sim	3	295	51
tot_obs_sim	3	296	2080
tot_obs_sim	3	297	70024.5
tot_obs_sim	3	298	145
tot_obs_sim	3	299	656
tot_obs_sim	3	300	9
